"","root_id"
"1","720575940616439697"
"2","720575940620675711"
"3","720575940606869513"
"4","720575940620253311"
"5","720575940611208818"
"6","720575940626856721"
"7","720575940604675430"
"8","720575940649154425"
"9","720575940619519727"
"10","720575940625334424"
"11","720575940638229080"
"12","720575940639116496"
"13","720575940623151339"
"14","720575940614184671"
"15","720575940620802230"
"16","720575940644902179"
"17","720575940621307230"
"18","720575940630947176"
"19","720575940623045117"
"20","720575940625273116"
"21","720575940639076669"
"22","720575940626213642"
"23","720575940616140171"
"24","720575940630990756"
"25","720575940623567945"
"26","720575940629248044"
"27","720575940636975582"
"28","720575940626199059"
"29","720575940635159982"
"30","720575940620882714"
"31","720575940610756814"
"32","720575940649098105"
"33","720575940611830937"
